Id_Semester,No_Pelajar,Sem_Pelajar,Jumlah_Kredit,Jumlah_Nilai,GPA,CGPA,Status,Award
46,"333571244457",5,0,0.0000,0.0000,2.8500,"KBG","N"
46,"333531249117",6,0,0.0000,0.0000,3.7800,"KBG","P"
46,"333571242802",6,0,0.0000,0.0000,3.2300,"KBG","N"
46,"333571242815",6,0,0.0000,0.0000,3.3500,"KBG","N"
46,"333571242828",6,0,0.0000,0.0000,3.4300,"KBG","N"
46,"333571242844",6,0,0.0000,0.0000,3.6800,"KBG","P"
46,"333571242886",6,0,0.0000,0.0000,3.5100,"KBG","E"
46,"333571242899",6,0,0.0000,0.0000,3.6700,"KBTG","N"
46,"333571242912",6,0,0.0000,0.0000,3.4100,"KBG","N"
46,"333571242925",6,0,0.0000,0.0000,3.6000,"KBG","P"
46,"333571242938",6,0,0.0000,0.0000,3.4400,"KBG","N"
46,"333571242941",6,0,0.0000,0.0000,3.2800,"KBG","N"
46,"333571242954",6,0,0.0000,0.0000,3.5800,"KBG","E"
46,"333571242967",6,0,0.0000,0.0000,3.5300,"KBG","E"
46,"333571242983",6,0,0.0000,0.0000,3.3000,"KBG","N"
46,"333571242996",6,0,0.0000,0.0000,3.4600,"KBG","N"
46,"333571243005",6,0,0.0000,0.0000,3.5500,"KBG","E"
46,"333571243018",6,0,0.0000,0.0000,3.3600,"KBG","N"
46,"333571243092",6,6,23.1000,3.8500,3.5200,"KBG","E"
46,"333571243115",6,6,21.0000,3.5000,3.5900,"KBG","P"
46,"333571243128",6,6,22.2000,3.7000,3.6700,"KBG","P"
46,"333571243131",6,6,23.1000,3.8500,3.7400,"KBG","E"
46,"333571243144",6,6,24.0000,4.0000,3.5300,"KBG","E"
46,"333571243157",6,6,24.0000,4.0000,3.5300,"KBG","E"
46,"333571243160",6,6,20.1000,3.3500,3.1600,"KBG","N"
46,"333571243173",6,6,21.0000,3.5000,3.4000,"KBG","N"
46,"333571243199",6,6,24.0000,4.0000,3.3300,"KBG","N"
46,"333571243225",6,6,23.1000,3.8500,3.6700,"KBG","P"
46,"333571243254",6,6,23.1000,3.8500,3.7800,"KBG","P"
46,"333571243267",6,0,0.0000,0.0000,3.7000,"KBG","E"
46,"333571243270",6,0,0.0000,0.0000,3.3600,"KBG","N"
46,"333571243283",6,0,0.0000,0.0000,3.6300,"KBG","E"
46,"333571243296",6,0,0.0000,0.0000,3.4200,"KBG","N"
46,"333571243319",6,0,0.0000,0.0000,3.5400,"KBG","E"
46,"333571243322",6,0,0.0000,0.0000,3.3400,"KBG","N"
46,"333571243348",6,0,0.0000,0.0000,3.7900,"KBG","P"
46,"333571243429",6,0,0.0000,0.0000,3.5700,"KBG","E"
46,"333571240147",7,0,0.0000,0.0000,3.2000,"KBG","N"
46,"333571243432",6,0,0.0000,0.0000,3.3300,"KBG","N"
46,"333571245236",5,0,0.0000,0.0000,2.6500,"KBG","N"
46,"333571243445",6,6,23.1000,3.8500,3.6800,"KBG","P"
46,"333571243513",6,0,0.0000,0.0000,3.5700,"KBG","E"
46,"333571243542",6,0,0.0000,0.0000,3.2900,"KBTG","N"
46,"333571243597",6,6,20.1000,3.3500,3.6200,"KBG","E"
46,"333571243607",6,0,0.0000,0.0000,3.5000,"KBG","E"
46,"333571243610",6,0,0.0000,0.0000,3.5000,"KBG","E"
46,"333571243665",6,0,0.0000,0.0000,3.5400,"KBTG","N"
46,"333571243681",6,6,21.0000,3.5000,3.5500,"KBG","E"
46,"333571243694",6,6,21.0000,3.5000,3.5500,"KBG","E"
46,"333571243704",6,0,0.0000,0.0000,3.5900,"KBG","E"
46,"333571243720",6,0,0.0000,0.0000,3.7000,"KBG","E"
46,"333571243762",6,0,0.0000,0.0000,3.6600,"KBG","E"
46,"333571243775",6,0,0.0000,0.0000,3.7900,"KBG","P"
46,"333571243801",6,0,0.0000,0.0000,3.4000,"KBG","N"
46,"333571243814",6,6,24.0000,4.0000,3.6200,"KBG","E"
46,"333571243827",6,6,20.1000,3.3500,3.4900,"KBG","N"
46,"333571243830",6,0,0.0000,0.0000,3.3700,"KBG","N"
46,"333571243843",6,0,0.0000,0.0000,3.5000,"KBG","E"
46,"333571243856",6,0,0.0000,0.0000,3.7200,"KBG","E"
46,"333571243869",6,0,0.0000,0.0000,3.5300,"KBG","E"
46,"333571243982",6,6,24.0000,4.0000,3.6700,"KBG","E"
46,"333571243995",6,6,23.1000,3.8500,3.5900,"KBG","E"
46,"333571244017",6,0,0.0000,0.0000,3.6900,"KBG","E"
46,"333571244020",6,0,0.0000,0.0000,3.7100,"KBG","E"
46,"333571244033",6,0,0.0000,0.0000,3.7300,"KBG","E"
46,"333571244130",6,0,0.0000,0.0000,3.5600,"KBG","E"
46,"333571244143",6,0,0.0000,0.0000,3.7800,"KBG","P"
46,"333571244185",6,6,21.0000,3.5000,3.4900,"KBG","N"
46,"333571244198",6,0,0.0000,0.0000,3.5200,"KBG","E"
46,"333571244208",6,0,0.0000,0.0000,3.4700,"KBG","N"
46,"333571244211",6,0,0.0000,0.0000,3.7300,"KBG","E"
46,"333571244224",6,0,0.0000,0.0000,3.6300,"KBG","E"
46,"333571244237",6,0,0.0000,0.0000,3.6000,"KBG","E"
46,"333571244266",6,0,0.0000,0.0000,2.9500,"KBG","N"
46,"333571244282",6,0,0.0000,0.0000,3.5700,"KBG","E"
46,"333571246743",4,19,58.0000,3.0500,3.0500,"KBG","N"
46,"333571246756",4,19,63.4000,3.3400,3.2500,"KBG","N"
46,"333571246769",4,19,70.3000,3.7000,3.6200,"KBG","P"
46,"333571246772",4,19,70.7000,3.7200,3.7000,"KBG","P"
46,"333571246785",4,19,70.6000,3.7200,3.7800,"KBG","P"
46,"333571246798",4,19,60.3000,3.1700,3.4400,"KBG","N"
46,"333571246808",4,19,63.0000,3.3200,3.2500,"KBG","N"
46,"333571246811",4,19,64.6000,3.4000,3.3000,"KBG","N"
46,"333571246824",4,19,60.8000,3.2000,3.2100,"KBG","N"
46,"333571246840",4,19,63.4000,3.3400,3.3900,"KBG","N"
46,"333571246866",4,19,60.7000,3.1900,3.1900,"KBG","N"
46,"333571246879",4,19,62.6000,3.2900,3.3300,"KBG","N"
46,"333571246882",4,19,65.3000,3.4400,3.3800,"KBG","N"
46,"333571246895",4,0,0.0000,0.0000,3.2300,"KBG","N"
46,"333571246918",4,0,0.0000,0.0000,3.5800,"KBG","E"
46,"333571246921",4,0,0.0000,0.0000,3.4600,"KBG","N"
46,"333571246934",4,0,0.0000,0.0000,3.2000,"KBG","N"
46,"333571246947",4,0,0.0000,0.0000,3.4200,"KBG","N"
46,"333571246989",4,0,0.0000,0.0000,3.2700,"KBG","N"
46,"333571246992",4,0,0.0000,0.0000,3.1000,"KBG","N"
46,"333571247030",4,0,0.0000,0.0000,3.4000,"KBG","N"
46,"333571247072",4,0,0.0000,0.0000,3.1400,"KBG","N"
46,"333571248123",4,0,0.0000,0.0000,3.4900,"KBG","N"
46,"333571248178",4,0,0.0000,0.0000,3.3700,"KBG","N"
46,"333571248181",4,0,0.0000,0.0000,3.0400,"KBG","N"
46,"333571248314",4,19,67.1000,3.5300,3.5800,"KBG","E"
46,"333571248385",4,19,64.1000,3.3700,3.3200,"KBG","N"
46,"333571249211",3,17,47.2000,2.7800,2.9800,"KBG","N"
46,"333571249591",3,17,56.5000,3.3200,3.2300,"KBG","N"
46,"333571249601",3,17,59.8000,3.5200,3.4800,"KBG","D"
46,"333571249614",3,17,60.9000,3.5800,3.6500,"KBG","P"
46,"333571249627",3,17,66.6000,3.9200,3.9400,"KBG","P"
46,"333571249630",3,17,54.7000,3.2200,3.3700,"KBG","N"
46,"333571249643",3,17,55.0000,3.2400,3.3200,"KBG","N"
46,"333571249656",3,17,39.1000,2.3000,2.6300,"KBG","N"
46,"333571249669",3,17,60.3000,3.5500,3.4300,"KBG","D"
46,"333571249672",3,17,62.7000,3.6900,3.7300,"KBG","P"
46,"333571249685",3,17,57.3000,3.3700,3.3700,"KBG","N"
46,"333571249698",3,17,58.1000,3.4200,3.4000,"KBG","N"
46,"333571249708",3,17,59.9000,3.5200,3.5700,"KBG","P"
46,"333571249724",3,17,53.0000,3.1200,3.1900,"KBG","N"
46,"333571249737",3,17,53.3000,3.1400,3.0300,"KBG","N"
46,"333571249740",3,17,55.9000,3.2900,3.3500,"KBG","N"
46,"333571249766",3,17,57.1000,3.3600,3.4400,"KBG","N"
46,"333571249779",3,17,57.1000,3.3600,3.4100,"KBG","N"
46,"333571249782",3,17,56.6000,3.3300,3.2700,"KBG","N"
46,"333571249795",3,17,57.7000,3.3900,3.4000,"KBG","N"
